[{"color":"#FFFF0000","name":"ANDROID SKETCHWARE MASTER"},{"color":"#FFE91E63","name":"AlrettDialog"},{"color":"#FF9C27B0","name":"Animation"},{"color":"#FF673AB7","name":"BottomSheetD"},{"color":"#FF3F51B5","name":"BottomSheet"},{"color":"#FF2196F3","name":"Designing"},{"color":"#FF03A9F4","name":"FragmentActivityD"},{"color":"#FF009688","name":"ListAnimation"},{"color":"#FF4CAF50","name":"MLBBDialog"},{"color":"#FF8BC34A","name":"RecyclerView"},{"color":"#FF00ACC1","name":"TextViewFont"},{"color":"#FF425D86","name":"AutoInjectHUD"},{"color":"#FF425D86","name":"Zip4Java"},{"color":"#FFBF360C","name":"CuteToast"},{"color":"#FFE91E63","name":"DialogFragment"}]